[
  {
    "birthDate": "1946-12-25",
    "contact": [
      {
        "gender": "female",
        "name": {
          "family": [
            "Smith"
          ],
          "given": [
            "James"
          ]
        },
        "period": {
          "start": "2012"
        },
        "telecom": [
          {
            "system": "phone",
            "value": "+555-123-1234"
          }
        ]
      }
    ],
    "deceasedBoolean": false,
    "gender": "female",
    "id": "0000001",
    "name": [
      {
        "family": [
          "Jones"
        ],
        "given": [
          "Myra",
          "Antonieta"
        ],
        "use": "official"
      },
      {
        "given": [
          "Jim"
        ],
        "use": "usual"
      }
    ],
    "resourceType": "Patient",
    "telecom": [
      {
        "use": "home"
      },
      {
        "system": "phone",
        "use": "work",
        "value": "(03) 5555 6473"
      }
    ],
    "link": [
      {
        "target": "Patient",
        "url": "https://ccdaviewer-coladapp.rhcloud.com/patients/ccda/sample1.xml",
        "assurance": "4"
      }
    ]
  },
  {
    "birthDate": "1962-10-22",
    "contact": [
      {
        "gender": "male",
        "name": {
          "family": [
            "du",
            "Smith"
          ],
          "given": [
            "James"
          ]
        },
        "period": {
          "start": "2012"
        },
        "telecom": [
          {
            "system": "phone",
            "value": "+33 (237) 998327"
          }
        ]
      }
    ],
    "deceasedBoolean": false,
    "gender": "male",
    "id": "0000001",
    "name": [
      {
        "family": [
          "Everyman"
        ],
        "given": [
          "Adam"
        ],
        "use": "official"
      },
      {
        "given": [
          "Mary"
        ],
        "use": "usual"
      }
    ],
    "resourceType": "Patient",
    "telecom": [
      {
        "use": "home"
      },
      {
        "system": "phone",
        "use": "work",
        "value": "(03) 5555 6473"
      }
    ],
    "link": [
      {
        "target": "Patient",
        "url": "https://ccdaviewer-coladapp.rhcloud.com/patients/ccda/sample2.xml",
        "assurance": "4"
      }
    ]
  },
  {
    "birthDate": "1938-12-12",
    "contact": [
      {
        "gender": "male",
        "name": {
          "family": [
            "du",
            "Smith"
          ],
          "given": [
            "James"
          ]
        },
        "period": {
          "start": "2012"
        },
        "telecom": [
          {
            "system": "phone",
            "value": "+33 (237) 998327"
          }
        ]
      }
    ],
    "deceasedBoolean": false,
    "gender": "female",
    "id": "0000001",
    "name": [
      {
        "family": [
          "Carlson"
        ],
        "given": [
          "Sharon",
          "A"
        ],
        "use": "official"
      },
      {
        "given": [
          "Mary"
        ],
        "use": "usual"
      }
    ],
    "resourceType": "Patient",
    "telecom": [
      {
        "use": "home"
      },
      {
        "system": "phone",
        "use": "work",
        "value": "(03) 5555 6473"
      }
    ],
    "link": [
      {
        "target": "Patient",
        "url": "https://ccdaviewer-coladapp.rhcloud.com/patients/ccda/sample3.xml",
        "assurance": "4"
      }
    ]
  },
  {
    "birthDate": "1974-05-01",
    "contact": [
    ],
    "deceasedBoolean": false,
    "gender": "female",
    "id": "0000001",
    "name": [
      {
        "family": [
          "Jones"
        ],
        "given": [
          "Isabella"
        ],
        "use": "official"
      },
      {
        "given": [
          "Mary"
        ],
        "use": "usual"
      }
    ],
    "resourceType": "Patient",
    "telecom": [
    ],
    "link": [
      {
        "target": "Patient",
        "url": "https://ccdaviewer-coladapp.rhcloud.com/patients/ccda/sample4.xml",
        "assurance": "4"
      }
    ]
  },
  {
    "birthDate": "1948-04-09",
    "contact": [
    ],
    "deceasedBoolean": false,
    "gender": "male",
    "id": "0000001",
    "name": [
      {
        "family": [
          "Snow"
        ],
        "given": [
          "Joe"
        ],
        "use": "official"
      },
      {
        "given": [
          "Mary"
        ],
        "use": "usual"
      }
    ],
    "resourceType": "Patient",
    "telecom": [
    ],
    "link": [
      {
        "target": "Patient",
        "url": "https://ccdaviewer-coladapp.rhcloud.com/patients/ccda/sample5.xml",
        "assurance": "4"
      }
    ]
  }
  ,

  {
    "birthDate": "1928-06-15",
    "contact": [
    ],
    "deceasedBoolean": false,
    "gender": "male",
    "id": "0000001",
    "name": [
      {
        "family": [
          "Blue"
        ],
        "given": [
          "Tom"
        ],
        "use": "official"
      },
      {
        "given": [
          "Mary"
        ],
        "use": "usual"
      }
    ],
    "resourceType": "Patient",
    "telecom": [
    ],
    "link": [
      {
        "target": "Patient",
        "url": "https://ccdaviewer-coladapp.rhcloud.com/patients/ccda/sample6.xml",
        "assurance": "4"
      }
    ]
  } 
  ,
  {
    "birthDate": "1954-02-02",
    "contact": [
    ],
    "deceasedBoolean": false,
    "gender": "male",
    "id": "0000001",
    "name": [
      {
        "family": [
          "Lannister"
        ],
        "given": [
          "Tyrion"
        ],
        "use": "official"
      },
      {
        "given": [
          "Tyrion"
        ],
        "use": "usual"
      }
    ],
    "resourceType": "Patient",
    "telecom": [
    ],
    "link": [
      {
        "target": "Patient",
        "url": "https://ccdaviewer-coladapp.rhcloud.com/patients/ccda/sample7.xml",
        "assurance": "4"
      }
    ]
  }
]
